{
  "name": "WebSockets2_Generic",
  "version": "1.1.0",
  "description": "WebSocket Server and Client for Arduino based on RFC6455, originally designed for ESP8266/ESP32, now modified and ported to run on nRF52, SAMD21, SAMD51, SAM DUE, STM32F/L/H/G/WB/MP1, Teensy, etc. boards, with WiFiNINA, Teensy 4.1 NativeEthernet, Ethernet W5x00/ENC28J60/LAN8742A, ESP8266/ESP32-AT modules/shields, as well as SINRIC / Alexa / Google Home",
  "keywords": "wifi, http, web, server, client, websocket, ethernet, Sinric, Alexa",
  "authors": [
    {
      "name":  "Gil Maimon",
      "url":   "https://github.com/gilmaimon/ArduinoWebsockets",
      "email": "mail.gilmaimon@gmail.com"
    },
    {
      "name":  "Khoi Hoang",
      "url":   "https://github.com/khoih-prog",
      "email": "khoih.prog@gmail.com",
      "maintainer": true
    }
  ],
  "repository":
  {
    "type": "git",
    "url": "https://github.com/khoih-prog/WebSockets2_Generic"
  },
  "homepage": "https://github.com/khoih-prog/WebSockets2_Generic",
  "export": {
    "exclude": [
      "linux",
      "extras",
      "tests"
    ]
  },
  "dependencies": 
  [
    {
      "owner": "khoih.prog",
      "name": "WiFiNINA_Generic",
      "version": "^1.8.0",
      "platforms": ["*"]
    },
    {
      "owner": "khoih-prog",
      "name": "DoubleResetDetector_Generic",
      "version": "^1.0.2",
      "platforms": ["*"]
    },
    {
      "owner": "khoih.prog",
      "name": "FlashStorage_SAMD",
      "version": "^1.0.0",
      "platforms": ["*"]
    },
    {
      "owner": "sebnil",
      "name": "DueFlashStorage",
      "version": "^1.0.0",
      "platforms": ["*"]
    },
    {
      "owner": "khoih-prog",
      "name": "WiFiWebServer",
      "version": "^1.1.0",
      "platforms": ["*"]
    },
    {
      "owner": "khoih-prog",
      "name": "EthernetWebServer",
      "version": "^1.1.0",
      "platforms": ["*"]
    },
    {
      "owner": "khoih-prog",
      "name": "EthernetWebServer_STM32",
      "version": "^1.1.0",
      "platforms": ["*"]
    },
    {
      "owner": "stm32duino",
      "name": "STM32duino LwIP",
      "version": "^2.1.2",
      "platforms": ["ststm32"]
    },
    {
      "owner": "stm32duino",
      "name": "STM32Ethernet",
      "version": "^1.2.0",
      "platforms": ["ststm32"]
    },
    {
      "owner": "uipethernet",
      "name": "UIPEthernet",
      "version": "^2.0.8",
      "platforms": ["*"]
    },
    {
      "owner": "jandrassy",
      "name": "EthernetENC",
      "version": "^2.0.0",
      "platforms": ["*"]
    },
    {
      "owner": "jandrassy",
      "name": "WiFiEspAT",
      "version": "^1.3.1",
      "platforms": ["*"]
    },
    {
      "owner": "adafruit",
      "name": "Ethernet2",
      "version": "^1.0.4",
      "platforms": ["*"]
    },
    {
      "owner": "sstaub",
      "name": "Ethernet3",
      "version": "^1.5.3",
      "platforms": ["*"]
    },
    {
      "owner": "arduino-libraries",
      "name": "Ethernet",
      "version": "^2.0.0",
      "platforms": ["*"]
    },
    {
      "owner": "openslab-osu",
      "name": "EthernetLarge",
      "version": "^2.0.0",
      "platforms": ["*"]
    }
  ],
  "frameworks": "*",
  "platforms": "*",
  "examples": "examples/*/*/*.ino"
}
